{
"lengthUnit": "mil",
"components": {
	"fields": ["COMPONENT_NO", "COMPONENT_NAME", "LAYER", "X_COORDINATE", "Y_COORDINATE", "ANGLE"],
	"rows": [
		[1, "C3", "T", 2805, -1125, 270],
		[2, "C4", "T", 3395, -1120, 270],
		[3, "CN3", "T", 4475, -1230, 270],
		[4, "DRV8825", "T", 5130, -2095, 0],
		[5, "ESP8266", "T", 3665.65, -1230.44, 270],
		[6, "Proximity", "T", 5345, -925, 0],
		[7, "Servo", "T", 4880, -870, 0],
		[8, "Stepper", "T", 5155, -1185, 180],
		[9, "U1", "T", 3120, -900, 0],
		[10, "U4", "T", 3205, -1595, 90],
		[11, "U7", "T", 5140, -1635, 0]
	]
},
"pins": {
	"fields": ["PIN_NO", "PIN_NAME", "PIN_X", "PIN_Y", "LAYER", "PIN_TYPE", "NET_NAME", "NET_TYPE", "PAD_SHAPE", "PAD_SIZEX", "PAD_SIZEY", "HOLE_SIZE", "PAD_ANGLE"],
	"rows": [
		[1, "C3_1", 2805, -1085.63, "T", "DIP", "$1N707", "", "C", 51.18, 51.18, 31.5, 270],
		[2, "C3_1", 2805, -1085.63, "B", "DIP", "$1N707", "", "C", 51.18, 51.18, 31.5, 270],
		[3, "C3_2", 2805, -1164.37, "T", "DIP", "GND", "GND", "C", 51.18, 51.18, 31.5, 270],
		[4, "C3_2", 2805, -1164.37, "B", "DIP", "GND", "GND", "C", 51.18, 51.18, 31.5, 270],
		[5, "C4_1", 3395, -1080.63, "T", "DIP", "VCC", "", "C", 51.18, 51.18, 31.5, 270],
		[6, "C4_1", 3395, -1080.63, "B", "DIP", "VCC", "", "C", 51.18, 51.18, 31.5, 270],
		[7, "C4_2", 3395, -1159.37, "T", "DIP", "GND", "GND", "C", 51.18, 51.18, 31.5, 270],
		[8, "C4_2", 3395, -1159.37, "B", "DIP", "GND", "GND", "C", 51.18, 51.18, 31.5, 270],
		[9, "CN3_1", 4474.02, -530, "T", "DIP", "CN3_1", "", "R", 60, 60, 35.98, 270],
		[10, "CN3_1", 4474.02, -530, "B", "DIP", "CN3_1", "", "R", 60, 60, 35.98, 270],
		[11, "CN3_2", 4474.02, -630, "T", "DIP", "CN3_2", "", "C", 60, 60, 35.98, 270],
		[12, "CN3_2", 4474.02, -630, "B", "DIP", "CN3_2", "", "C", 60, 60, 35.98, 270],
		[13, "CN3_3", 4474.02, -730, "T", "DIP", "$1N987", "", "C", 60, 60, 35.98, 270],
		[14, "CN3_3", 4474.02, -730, "B", "DIP", "$1N987", "", "C", 60, 60, 35.98, 270],
		[15, "CN3_4", 4474.02, -830, "T", "DIP", "CN3_4", "", "C", 60, 60, 35.98, 270],
		[16, "CN3_4", 4474.02, -830, "B", "DIP", "CN3_4", "", "C", 60, 60, 35.98, 270],
		[17, "CN3_5", 4474.02, -930, "T", "DIP", "CN3_5", "", "C", 60, 60, 35.98, 270],
		[18, "CN3_5", 4474.02, -930, "B", "DIP", "CN3_5", "", "C", 60, 60, 35.98, 270],
		[19, "CN3_6", 4474.02, -1030, "T", "DIP", "CN3_6", "", "C", 60, 60, 35.98, 270],
		[20, "CN3_6", 4474.02, -1030, "B", "DIP", "CN3_6", "", "C", 60, 60, 35.98, 270],
		[21, "CN3_7", 4474.02, -1130, "T", "DIP", "CN3_7", "", "C", 60, 60, 35.98, 270],
		[22, "CN3_7", 4474.02, -1130, "B", "DIP", "CN3_7", "", "C", 60, 60, 35.98, 270],
		[23, "CN3_8", 4475.99, -1230, "T", "DIP", "CN3_8", "", "C", 60, 60, 35.98, 270],
		[24, "CN3_8", 4475.99, -1230, "B", "DIP", "CN3_8", "", "C", 60, 60, 35.98, 270],
		[25, "CN3_9", 4474.02, -1330, "T", "DIP", "STEP", "", "C", 60, 60, 35.98, 270],
		[26, "CN3_9", 4474.02, -1330, "B", "DIP", "STEP", "", "C", 60, 60, 35.98, 270],
		[27, "CN3_10", 4474.02, -1430, "T", "DIP", "DIR", "", "C", 60, 60, 35.98, 270],
		[28, "CN3_10", 4474.02, -1430, "B", "DIP", "DIR", "", "C", 60, 60, 35.98, 270],
		[29, "CN3_11", 4474.02, -1530, "T", "DIP", "PX_SIG", "", "C", 60, 60, 35.98, 270],
		[30, "CN3_11", 4474.02, -1530, "B", "DIP", "PX_SIG", "", "C", 60, 60, 35.98, 270],
		[31, "CN3_12", 4474.02, -1630, "T", "DIP", "CN3_12", "", "C", 60, 60, 35.98, 270],
		[32, "CN3_12", 4474.02, -1630, "B", "DIP", "CN3_12", "", "C", 60, 60, 35.98, 270],
		[33, "CN3_13", 4474.02, -1730, "T", "DIP", "CN3_13", "", "C", 60, 60, 35.98, 270],
		[34, "CN3_13", 4474.02, -1730, "B", "DIP", "CN3_13", "", "C", 60, 60, 35.98, 270],
		[35, "CN3_14", 4474.02, -1830, "T", "DIP", "CN3_14", "", "C", 60, 60, 35.98, 270],
		[36, "CN3_14", 4474.02, -1830, "B", "DIP", "CN3_14", "", "C", 60, 60, 35.98, 270],
		[37, "CN3_15", 4474.02, -1930, "T", "DIP", "CN3_15", "", "C", 60, 60, 35.98, 270],
		[38, "CN3_15", 4474.02, -1930, "B", "DIP", "CN3_15", "", "C", 60, 60, 35.98, 270],
		[39, "DRV8825_1", 4854.41, -2095, "T", "DIP", "DRV8825_1", "", "C", 59.05, 59.05, 35.43, 0],
		[40, "DRV8825_1", 4854.41, -2095, "B", "DIP", "DRV8825_1", "", "C", 59.05, 59.05, 35.43, 0],
		[41, "DRV8825_2", 4933.15, -2095, "T", "DIP", "DRV8825_2", "", "C", 59.05, 59.05, 35.43, 0],
		[42, "DRV8825_2", 4933.15, -2095, "B", "DIP", "DRV8825_2", "", "C", 59.05, 59.05, 35.43, 0],
		[43, "DRV8825_3", 5011.89, -2095, "T", "DIP", "DRV8825_3", "", "C", 59.05, 59.05, 35.43, 0],
		[44, "DRV8825_3", 5011.89, -2095, "B", "DIP", "DRV8825_3", "", "C", 59.05, 59.05, 35.43, 0],
		[45, "DRV8825_4", 5090.63, -2095, "T", "DIP", "DRV8825_4", "", "C", 59.05, 59.05, 35.43, 0],
		[46, "DRV8825_4", 5090.63, -2095, "B", "DIP", "DRV8825_4", "", "C", 59.05, 59.05, 35.43, 0],
		[47, "DRV8825_5", 5169.37, -2095, "T", "DIP", "DRV8825_5", "", "C", 59.05, 59.05, 35.43, 0],
		[48, "DRV8825_5", 5169.37, -2095, "B", "DIP", "DRV8825_5", "", "C", 59.05, 59.05, 35.43, 0],
		[49, "DRV8825_6", 5248.11, -2095, "T", "DIP", "DRV8825_6", "", "C", 59.05, 59.05, 35.43, 0],
		[50, "DRV8825_6", 5248.11, -2095, "B", "DIP", "DRV8825_6", "", "C", 59.05, 59.05, 35.43, 0],
		[51, "DRV8825_7", 5326.85, -2095, "T", "DIP", "STEP", "", "C", 59.05, 59.05, 35.43, 0],
		[52, "DRV8825_7", 5326.85, -2095, "B", "DIP", "STEP", "", "C", 59.05, 59.05, 35.43, 0],
		[53, "DRV8825_8", 5405.59, -2095, "T", "DIP", "DIR", "", "C", 59.05, 59.05, 35.43, 0],
		[54, "DRV8825_8", 5405.59, -2095, "B", "DIP", "DIR", "", "C", 59.05, 59.05, 35.43, 0],
		[55, "ESP8266_1", 3664.66, -530.44, "T", "DIP", "ESP8266_1", "", "R", 60, 60, 35.98, 270],
		[56, "ESP8266_1", 3664.66, -530.44, "B", "DIP", "ESP8266_1", "", "R", 60, 60, 35.98, 270],
		[57, "ESP8266_2", 3664.66, -630.44, "T", "DIP", "ESP8266_2", "", "C", 60, 60, 35.98, 270],
		[58, "ESP8266_2", 3664.66, -630.44, "B", "DIP", "ESP8266_2", "", "C", 60, 60, 35.98, 270],
		[59, "ESP8266_3", 3664.66, -730.44, "T", "DIP", "ESP8266_3", "", "C", 60, 60, 35.98, 270],
		[60, "ESP8266_3", 3664.66, -730.44, "B", "DIP", "ESP8266_3", "", "C", 60, 60, 35.98, 270],
		[61, "ESP8266_4", 3664.66, -830.44, "T", "DIP", "ESP8266_4", "", "C", 60, 60, 35.98, 270],
		[62, "ESP8266_4", 3664.66, -830.44, "B", "DIP", "ESP8266_4", "", "C", 60, 60, 35.98, 270],
		[63, "ESP8266_5", 3664.66, -930.44, "T", "DIP", "ESP8266_5", "", "C", 60, 60, 35.98, 270],
		[64, "ESP8266_5", 3664.66, -930.44, "B", "DIP", "ESP8266_5", "", "C", 60, 60, 35.98, 270],
		[65, "ESP8266_6", 3664.66, -1030.44, "T", "DIP", "ESP8266_6", "", "C", 60, 60, 35.98, 270],
		[66, "ESP8266_6", 3664.66, -1030.44, "B", "DIP", "ESP8266_6", "", "C", 60, 60, 35.98, 270],
		[67, "ESP8266_7", 3664.66, -1130.44, "T", "DIP", "ESP8266_7", "", "C", 60, 60, 35.98, 270],
		[68, "ESP8266_7", 3664.66, -1130.44, "B", "DIP", "ESP8266_7", "", "C", 60, 60, 35.98, 270],
		[69, "ESP8266_8", 3666.63, -1230.44, "T", "DIP", "ESP8266_8", "", "C", 60, 60, 35.98, 270],
		[70, "ESP8266_8", 3666.63, -1230.44, "B", "DIP", "ESP8266_8", "", "C", 60, 60, 35.98, 270],
		[71, "ESP8266_9", 3664.66, -1330.44, "T", "DIP", "ESP8266_9", "", "C", 60, 60, 35.98, 270],
		[72, "ESP8266_9", 3664.66, -1330.44, "B", "DIP", "ESP8266_9", "", "C", 60, 60, 35.98, 270],
		[73, "ESP8266_10", 3664.66, -1430.44, "T", "DIP", "ESP8266_10", "", "C", 60, 60, 35.98, 270],
		[74, "ESP8266_10", 3664.66, -1430.44, "B", "DIP", "ESP8266_10", "", "C", 60, 60, 35.98, 270],
		[75, "ESP8266_11", 3664.66, -1530.44, "T", "DIP", "ESP8266_11", "", "C", 60, 60, 35.98, 270],
		[76, "ESP8266_11", 3664.66, -1530.44, "B", "DIP", "ESP8266_11", "", "C", 60, 60, 35.98, 270],
		[77, "ESP8266_12", 3664.66, -1630.44, "T", "DIP", "ESP8266_12", "", "C", 60, 60, 35.98, 270],
		[78, "ESP8266_12", 3664.66, -1630.44, "B", "DIP", "ESP8266_12", "", "C", 60, 60, 35.98, 270],
		[79, "ESP8266_13", 3664.66, -1730.44, "T", "DIP", "ESP8266_13", "", "C", 60, 60, 35.98, 270],
		[80, "ESP8266_13", 3664.66, -1730.44, "B", "DIP", "ESP8266_13", "", "C", 60, 60, 35.98, 270],
		[81, "ESP8266_14", 3664.66, -1830.44, "T", "DIP", "GND", "GND", "C", 60, 60, 35.98, 270],
		[82, "ESP8266_14", 3664.66, -1830.44, "B", "DIP", "GND", "GND", "C", 60, 60, 35.98, 270],
		[83, "ESP8266_15", 3664.66, -1930.44, "T", "DIP", "VCC", "", "C", 60, 60, 35.98, 270],
		[84, "ESP8266_15", 3664.66, -1930.44, "B", "DIP", "VCC", "", "C", 60, 60, 35.98, 270],
		[85, "Proximity_1", 5245, -925, "T", "DIP", "PX_SIG", "", "C", 70.87, 70.87, 47.24, 360],
		[86, "Proximity_1", 5245, -925, "B", "DIP", "PX_SIG", "", "C", 70.87, 70.87, 47.24, 360],
		[87, "Proximity_2", 5345, -925, "T", "DIP", "GND", "GND", "C", 70.87, 70.87, 47.24, 360],
		[88, "Proximity_2", 5345, -925, "B", "DIP", "GND", "GND", "C", 70.87, 70.87, 47.24, 360],
		[89, "Proximity_3", 5445, -925, "T", "DIP", "VCC", "", "C", 70.87, 70.87, 47.24, 360],
		[90, "Proximity_3", 5445, -925, "B", "DIP", "VCC", "", "C", 70.87, 70.87, 47.24, 360],
		[91, "Servo_1", 4780, -870, "T", "DIP", "GND", "GND", "C", 70.87, 70.87, 47.24, 0],
		[92, "Servo_1", 4780, -870, "B", "DIP", "GND", "GND", "C", 70.87, 70.87, 47.24, 0],
		[93, "Servo_2", 4880, -870, "T", "DIP", "VCC", "", "C", 70.87, 70.87, 47.24, 0],
		[94, "Servo_2", 4880, -870, "B", "DIP", "VCC", "", "C", 70.87, 70.87, 47.24, 0],
		[95, "Servo_3", 4980, -870, "T", "DIP", "$1N987", "", "C", 70.87, 70.87, 47.24, 0],
		[96, "Servo_3", 4980, -870, "B", "DIP", "$1N987", "", "C", 70.87, 70.87, 47.24, 0],
		[97, "Stepper_1", 5007.36, -1185, "T", "DIP", "$1N1053", "", "C", 66.93, 66.93, 41.34, 360],
		[98, "Stepper_1", 5007.36, -1185, "B", "DIP", "$1N1053", "", "C", 66.93, 66.93, 41.34, 360],
		[99, "Stepper_2", 5105.79, -1185, "T", "DIP", "$1N1058", "", "C", 66.93, 66.93, 41.34, 360],
		[100, "Stepper_2", 5105.79, -1185, "B", "DIP", "$1N1058", "", "C", 66.93, 66.93, 41.34, 360],
		[101, "Stepper_3", 5204.21, -1185, "T", "DIP", "$1N1064", "", "C", 66.93, 66.93, 41.34, 360],
		[102, "Stepper_3", 5204.21, -1185, "B", "DIP", "$1N1064", "", "C", 66.93, 66.93, 41.34, 360],
		[103, "Stepper_4", 5302.64, -1185, "T", "DIP", "$1N1070", "", "C", 66.93, 66.93, 41.34, 360],
		[104, "Stepper_4", 5302.64, -1185, "B", "DIP", "$1N1070", "", "C", 66.93, 66.93, 41.34, 360],
		[105, "U1_1", 3019.99, -899.8, "T", "DIP", "$1N707", "", "R", 70.87, 102.36, 47.24, 0],
		[106, "U1_1", 3019.99, -899.8, "B", "DIP", "$1N707", "", "R", 70.87, 102.36, 47.24, 0],
		[107, "U1_2", 3119.99, -899.8, "T", "DIP", "GND", "GND", "O", 70.87, 102.36, 47.24, 0],
		[108, "U1_2", 3119.99, -899.8, "B", "DIP", "GND", "GND", "O", 70.87, 102.36, 47.24, 0],
		[109, "U1_3", 3220.01, -900.19, "T", "DIP", "VCC", "", "O", 70.87, 102.36, 47.24, 0],
		[110, "U1_3", 3220.01, -900.19, "B", "DIP", "VCC", "", "O", 70.87, 102.36, 47.24, 0],
		[111, "U4_1", 3113.45, -1476.9, "T", "DIP", "$1N707", "", "O", 59.05, 149.61, 122.05, 90],
		[112, "U4_1", 3113.45, -1476.9, "B", "DIP", "$1N707", "", "O", 59.05, 149.61, 122.05, 90],
		[113, "U4_2", 3113.45, -1713.1, "T", "DIP", "GND", "GND", "O", 59.05, 149.61, 122.05, 270],
		[114, "U4_2", 3113.45, -1713.1, "B", "DIP", "GND", "GND", "O", 59.05, 149.61, 122.05, 270],
		[115, "U4_3", 3296.55, -1575.3, "T", "DIP", "U4_3", "", "O", 59.05, 145.67, 118.11, 0],
		[116, "U4_3", 3296.55, -1575.3, "B", "DIP", "U4_3", "", "O", 59.05, 145.67, 118.11, 0],
		[117, "U7_1", 4864.41, -1635, "T", "DIP", "VCC", "", "C", 59.05, 59.05, 35.43, 0],
		[118, "U7_1", 4864.41, -1635, "B", "DIP", "VCC", "", "C", 59.05, 59.05, 35.43, 0],
		[119, "U7_2", 4943.15, -1635, "T", "DIP", "GND", "GND", "C", 59.05, 59.05, 35.43, 0],
		[120, "U7_2", 4943.15, -1635, "B", "DIP", "GND", "GND", "C", 59.05, 59.05, 35.43, 0],
		[121, "U7_3", 5021.89, -1635, "T", "DIP", "$1N1053", "", "C", 59.05, 59.05, 35.43, 0],
		[122, "U7_3", 5021.89, -1635, "B", "DIP", "$1N1053", "", "C", 59.05, 59.05, 35.43, 0],
		[123, "U7_4", 5100.63, -1635, "T", "DIP", "$1N1058", "", "C", 59.05, 59.05, 35.43, 0],
		[124, "U7_4", 5100.63, -1635, "B", "DIP", "$1N1058", "", "C", 59.05, 59.05, 35.43, 0],
		[125, "U7_5", 5179.37, -1635, "T", "DIP", "$1N1064", "", "C", 59.05, 59.05, 35.43, 0],
		[126, "U7_5", 5179.37, -1635, "B", "DIP", "$1N1064", "", "C", 59.05, 59.05, 35.43, 0],
		[127, "U7_6", 5258.11, -1635, "T", "DIP", "$1N1070", "", "C", 59.05, 59.05, 35.43, 0],
		[128, "U7_6", 5258.11, -1635, "B", "DIP", "$1N1070", "", "C", 59.05, 59.05, 35.43, 0],
		[129, "U7_7", 5336.85, -1635, "T", "DIP", "U7_7", "", "C", 59.05, 59.05, 35.43, 0],
		[130, "U7_7", 5336.85, -1635, "B", "DIP", "U7_7", "", "C", 59.05, 59.05, 35.43, 0],
		[131, "U7_8", 5415.59, -1635, "T", "DIP", "U7_8", "", "C", 59.05, 59.05, 35.43, 0],
		[132, "U7_8", 5415.59, -1635, "B", "DIP", "U7_8", "", "C", 59.05, 59.05, 35.43, 0]
	]
}
}